[
    {
        "version-runtime": "2.0.0-preview2-25407-01",
        "version-sdk": "2.0.0-preview2-006497",
        "date": "2017-06-28",
        "dlc-runtime": "https://download.microsoft.com/download/8/5/8/85896F6E-C7F5-4ECA-ADF7-CCE8EFAD9AA6/",
        "dlc-sdk": "https://download.microsoft.com/download/F/A/A/FAAE9280-F410-458E-8819-279C5A68EDCF/",
        "blob-runtime": "https://dotnetcli.blob.core.windows.net/dotnet/Runtime/2.0.0-preview2-25407-01/",
        "blob-sdk": "https://dotnetcli.blob.core.windows.net/dotnet/Sdk/2.0.0-preview2-006497/",
        "runtime-linux-x64": "dotnet-runtime-2.0.0-preview2-25407-01-linux-x64.tar.gz",
        "runtime-mac-x64": "dotnet-runtime-2.0.0-preview2-25407-01-osx-x64.tar.gz",
        "runtime-win-x86": "dotnet-runtime-2.0.0-preview2-25407-01-win-x86.zip",
        "runtime-win-x64": "dotnet-runtime-2.0.0-preview2-25407-01-win-x64.zip",
        "sdk-linux-x64": "dotnet-sdk-2.0.0-preview2-006497-linux-x64.tar.gz",
        "sdk-mac-x64": "dotnet-sdk-2.0.0-preview2-006497-osx-x64.tar.gz",
        "sdk-win-x86": "dotnet-sdk-2.0.0-preview2-006497-win-x86.zip",
        "sdk-win-x64": "dotnet-sdk-2.0.0-preview2-006497-win-x64.zip",
        "runtime-centos": "",
        "runtime-debian": "",
        "runtime-fedora.23": "",
        "runtime-fedore.24": "",
        "runtime-opensuse.13.2": "",
        "runtime-opensuse.42.1": "",
        "runtime-ubuntu.14.04": "",
        "runtime-ubuntu.16.04": "",
        "runtime-ubuntu.16.10": "",
        "sdk-centos": "",
        "sdk-debian": "",
        "sdk-fedora.23": "",
        "sdk-fedora.24": "",
        "sdk-opensuse.13.2": "",
        "sdk-opensuse.42.1": "",
        "sdk-ubuntu.14.04": "",
        "sdk-ubuntu.16.04": "",
        "sdk-ubuntu.16.10": "",
        "checksums-runtime": "https://dotnetcli.blob.core.windows.net/dotnet/checksums/2.0.0-preview2-runtime-sha.txt",
        "checksums-sdk": "https://dotnetcli.blob.core.windows.net/dotnet/checksums/2.0.0-preview2-sdk-sha.txt",
        "security": "FALSE",
        "lts-runtime": "FALSE",
        "lts-sdk": "FALSE"
    },
    {
        "version-runtime": "2.0.0-preview1-002111-00",
        "version-sdk": "2.0.0-preview1-005977",
        "date": "2017-05-10",
        "dlc-runtime": "https://download.microsoft.com/download/0/4/8/048C286D-59CB-4B7C-95A1-D0F7FD4D37D2/",
        "dlc-sdk": "https://download.microsoft.com/download/3/7/F/37F1CA21-E5EE-4309-9714-E914703ED05A/",
        "blob-runtime": "https://dotnetcli.blob.core.windows.net/dotnet/release/2.0.0/Installers/2.0.0-preview1-002111-00/",
        "blob-sdk": "https://dotnetcli.blob.core.windows.net/dotnet/Sdk/2.0.0-preview1-005977/",
        "runtime-linux-x64": "dotnet-linux-x64.2.0.0-preview1-002111-00.tar.gz",
        "runtime-mac-x64": "dotnet-osx-x64.2.0.0-preview1-002111-00.tar.gz",
        "runtime-win-x86": "dotnet-win-x86.2.0.0-preview1-002111-00.exe",
        "runtime-win-x64": "dotnet-win-x64.2.0.0-preview1-002111-00.zip",
        "sdk-linux-x64": "dotnet-dev-linux-x64.2.0.0-preview1-005977.tar.gz",
        "sdk-mac-x64": "dotnet-dev-osx-x64.2.0.0-preview1-005977.tar.gz",
        "sdk-win-x86": "dotnet-dev-win-x86.2.0.0-preview1-005977.exe",
        "sdk-win-x64": "dotnet-dev-win-x64.2.0.0-preview1-005977.exe",
        "runtime-centos": "",
        "runtime-debian": "",
        "runtime-fedora.23": "",
        "runtime-fedore.24": "",
        "runtime-opensuse.13.2": "",
        "runtime-opensuse.42.1": "",
        "runtime-ubuntu.14.04": "",
        "runtime-ubuntu.16.04": "",
        "runtime-ubuntu.16.10": "",
        "sdk-centos": "",
        "sdk-debian": "",
        "sdk-fedora.23": "",
        "sdk-fedora.24": "",
        "sdk-opensuse.13.2": "",
        "sdk-opensuse.42.1": "",
        "sdk-ubuntu.14.04": "",
        "sdk-ubuntu.16.04": "",
        "sdk-ubuntu.16.10": "",
        "checksums-runtime": "https://dotnetcli.blob.core.windows.net/dotnet/checksums/2.0.0-preview1-sharedfx-sha.txt",
        "checksums-sdk": "https://dotnetcli.blob.core.windows.net/dotnet/checksums/2.0.0-preview1-sdk-sha.txt",
        "security": "FALSE",
        "lts-runtime": "FALSE",
        "lts-sdk": "FALSE"
    },
    {
        "version-runtime": "1.0.5",
        "version-sdk": "1.0.4",
        "date": "2017-05-09",
        "dlc-runtime": "https://download.microsoft.com/download/2/4/A/24A06858-E8AC-469B-8AE6-D0CEC9BA982A/",
        "dlc-sdk": "https://download.microsoft.com/download/E/7/8/E782433E-7737-4E6C-BFBF-290A0A81C3D7/",
        "blob-runtime": "https://dotnetcli.blob.core.windows.net/dotnet/preview/Binaries/1.0.5/",
        "blob-sdk": "https://dotnetcli.blob.core.windows.net/dotnet/Sdk/1.0.4/",
        "runtime-linux-x64": "",
        "runtime-mac-x64": "dotnet-osx-x64.1.0.5.tar.gz",
        "runtime-win-x86": "dotnet-win-x86.1.0.5.zip",
        "runtime-win-x64": "dotnet-win-x64.1.0.5.zip",
        "sdk-linux-x64": "",
        "sdk-mac-x64": "dotnet-dev-osx-x64.1.0.4.tar.gz",
        "sdk-win-x86": "dotnet-dev-win-x86.1.0.4.zip",
        "sdk-win-x64": "dotnet-dev-win-x64.1.0.4.zip",
        "runtime-centos": "dotnet-centos-x64.1.0.5.tar.gz",
        "runtime-debian": "dotnet-debian-x64.1.0.5.tar.gz",
        "runtime-fedora.23": "dotnet-fedora.23-x64.1.0.5.tar.gz",
        "runtime-fedore.24": "",
        "runtime-opensuse.13.2": "dotnet-opensuse.13.2-x64.1.0.5.tar.gz",
        "runtime-opensuse.42.1": "",
        "runtime-ubuntu.14.04": "dotnet-ubuntu-x64.1.0.5.tar.gz",
        "runtime-ubuntu.16.04": "dotnet-ubuntu.16.04-x64.1.0.5.tar.gz",
        "runtime-ubuntu.16.10": "",
        "sdk-centos": "dotnet-dev-centos-x64.1.0.4.tar.gz",
        "sdk-debian": "dotnet-dev-debian-x64.1.0.4.tar.gz",
        "sdk-fedora.23": "dotnet-dev-fedora.23-x64.1.0.4.tar.gz",
        "sdk-fedora.24": "",
        "sdk-opensuse.13.2": "dotnet-dev-opensuse.13.2-x64.1.0.4.tar.gz",
        "sdk-opensuse.42.1": "",
        "sdk-ubuntu.14.04": "dotnet-dev-ubuntu-x64.1.0.4.tar.gz",
        "sdk-ubuntu.16.04": "dotnet-dev-ubuntu.16.04-x64.1.0.4.tar.gz",
        "sdk-ubuntu.16.10": "",
        "checksums-runtime": "https://dotnetcli.blob.core.windows.net/dotnet/checksums/1.0.5-1.1.2-sharedfx-SHA.txt",
        "checksums-sdk": "https://dotnetcli.blob.core.windows.net/dotnet/checksums/1.0.4-SDK-SHA.txt",
        "security": "TRUE",
        "lts-runtime": "TRUE",
        "lts-sdk": "FALSE"
    },
    {
        "version-runtime": "1.1.2",
        "version-sdk": "1.0.4",
        "date": "2017-05-09",
        "dlc-runtime": "https://download.microsoft.com/download/D/7/A/D7A9E4E9-5D25-4F0C-B071-210CB8267943/",
        "dlc-sdk": "https://download.microsoft.com/download/E/7/8/E782433E-7737-4E6C-BFBF-290A0A81C3D7/",
        "blob-runtime": "https://dotnetcli.blob.core.windows.net/dotnet/release/1.1.0/Binaries/1.1.2/",
        "blob-sdk": "https://dotnetcli.blob.core.windows.net/dotnet/Sdk/1.0.4/",
        "runtime-linux-x64": "",
        "runtime-mac-x64": "dotnet-osx-x64.1.1.2.tar.gz",
        "runtime-win-x86": "dotnet-win-x86.1.1.2.zip",
        "runtime-win-x64": "dotnet-win-x64.1.1.2.zip",
        "sdk-linux-x64": "",
        "sdk-mac-x64": "dotnet-dev-osx-x64.1.0.4.tar.gz",
        "sdk-win-x86": "dotnet-dev-win-x86.1.0.4.zip",
        "sdk-win-x64": "dotnet-dev-win-x64.1.0.4.zip",
        "runtime-centos": "dotnet-centos-x64.1.1.2.tar.gz",
        "runtime-debian": "dotnet-debian-x64.1.1.2.tar.gz",
        "runtime-fedora.23": "dotnet-fedora.23-x64.1.1.2.tar.gz",
        "runtime-fedore.24": "dotnet-fedora.24-x64.1.1.2.tar.gz",
        "runtime-opensuse.13.2": "dotnet-opensuse.13.2-x64.1.1.2.tar.gz",
        "runtime-opensuse.42.1": "dotnet-opensuse.42.1-x64.1.1.2.tar.gz",
        "runtime-ubuntu.14.04": "dotnet-ubuntu-x64.1.1.2.tar.gz",
        "runtime-ubuntu.16.04": "dotnet-ubuntu.16.04-x64.1.1.2.tar.gz",
        "runtime-ubuntu.16.10": "dotnet-ubuntu.16.10-x64.1.1.2.tar.gz",
        "sdk-centos": "dotnet-dev-centos-x64.1.0.4.tar.gz",
        "sdk-debian": "dotnet-dev-debian-x64.1.0.4.tar.gz",
        "sdk-fedora.23": "dotnet-dev-fedora.23-x64.1.0.4.tar.gz",
        "sdk-fedora.24": "dotnet-dev-fedora.24-x64.1.0.4.tar.gz",
        "sdk-opensuse.13.2": "dotnet-dev-opensuse.13.2-x64.1.0.4.tar.gz",
        "sdk-opensuse.42.1": "dotnet-dev-opensuse.42.1-x64.1.0.4.tar.gz",
        "sdk-ubuntu.14.04": "dotnet-dev-ubuntu-x64.1.0.4.tar.gz",
        "sdk-ubuntu.16.04": "dotnet-dev-ubuntu.16.04-x64.1.0.4.tar.gz",
        "sdk-ubuntu.16.10": "dotnet-dev-ubuntu.16.10-x64.1.0.4.tar.gz",
        "checksums-runtime": "https://dotnetcli.blob.core.windows.net/dotnet/checksums/1.0.5-1.1.2-sharedfx-SHA.txt",
        "checksums-sdk": "https://dotnetcli.blob.core.windows.net/dotnet/checksums/1.0.4-SDK-SHA.txt",
        "security": "FALSE",
        "lts-runtime": "FALSE",
        "lts-sdk": "FALSE"
    },
    {
        "version-runtime": "1.0.4",
        "version-sdk": "1.0.1",
        "date": "2017-03-07",
        "dlc-runtime": "https://dotnetcli.blob.core.windows.net/dotnet/preview/Binaries/1.0.4/",
        "dlc-sdk": "https://dotnetcli.blob.core.windows.net/dotnet/Sdk/1.0.1/",
        "blob-runtime": "https://dotnetcli.blob.core.windows.net/dotnet/preview/Binaries/1.0.4/",
        "blob-sdk": "https://dotnetcli.blob.core.windows.net/dotnet/Sdk/1.0.1/",
        "runtime-linux-x64": "",
        "runtime-mac-x64": "dotnet-osx-x64.1.0.4.tar.gz",
        "runtime-win-x86": "dotnet-win-x86.1.0.4.zip",
        "runtime-win-x64": "dotnet-win-x64.1.0.4.zip",
        "sdk-linux-x64": "",
        "sdk-mac-x64": "dotnet-dev-osx-x64.1.0.1.tar.gz",
        "sdk-win-x86": "dotnet-dev-win-x86.1.0.1.zip",
        "sdk-win-x64": "dotnet-dev-win-x64.1.0.1.zip",
        "runtime-centos": "dotnet-centos-x64.1.0.4.tar.gz",
        "runtime-debian": "dotnet-debian-x64.1.0.4.tar.gz",
        "runtime-fedora.23": "dotnet-fedora.23-x64.1.0.4.tar.gz",
        "runtime-fedore.24": "",
        "runtime-opensuse.13.2": "dotnet-opensuse.13.2-x64.1.0.4.tar.gz",
        "runtime-opensuse.42.1": "",
        "runtime-ubuntu.14.04": "dotnet-ubuntu-x64.1.0.4.tar.gz",
        "runtime-ubuntu.16.04": "dotnet-ubuntu.16.04-x64.1.0.4.tar.gz",
        "runtime-ubuntu.16.10": "",
        "sdk-centos": "dotnet-dev-centos-x64.1.0.1.tar.gz",
        "sdk-debian": "dotnet-dev-debian-x64.1.0.1.tar.gz",
        "sdk-fedora.23": "dotnet-dev-fedora.23-x64.1.0.1.tar.gz",
        "sdk-fedora.24": "",
        "sdk-opensuse.13.2": "dotnet-dev-opensuse.13.2-x64.1.0.1.tar.gz",
        "sdk-opensuse.42.1": "",
        "sdk-ubuntu.14.04": "dotnet-dev-ubuntu-x64.1.0.1.tar.gz",
        "sdk-ubuntu.16.04": "dotnet-dev-ubuntu.16.10-x64.1.0.1.tar.gz",
        "sdk-ubuntu.16.10": "",
        "checksums-runtime": "https://dotnetcli.blob.core.windows.net/dotnet/checksums/1.0.4-1.1.1-sharedfx-SHA.txt",
        "checksums-sdk": "https://dotnetcli.blob.core.windows.net/dotnet/checksums/1.0.1-SDK-SHA.txt",
        "security": "FALSE",
        "lts-runtime": "TRUE",
        "lts-sdk": "FALSE"
    },
    {
        "version-runtime": "1.1.1",
        "version-sdk": "1.0.1",
        "date": "2017-03-07",
        "dlc-runtime": "https://download.microsoft.com/download/9/5/6/9568826C-E3F6-44A7-9F75-DD8E6AB29543/",
        "dlc-sdk": "https://dotnetcli.blob.core.windows.net/dotnet/Sdk/1.0.1/",
        "blob-runtime": "https://dotnetcli.blob.core.windows.net/dotnet/release/1.1.0/Binaries/1.1.1/",
        "blob-sdk": "https://dotnetcli.blob.core.windows.net/dotnet/Sdk/1.0.1/",
        "runtime-linux-x64": "",
        "runtime-mac-x64": "dotnet-osx-x64.1.1.1.tar.gz",
        "runtime-win-x86": "dotnet-win-x86.1.1.1.zip",
        "runtime-win-x64": "dotnet-win-x64.1.1.1.zip",
        "sdk-linux-x64": "",
        "sdk-mac-x64": "dotnet-dev-osx-x64.1.0.1.tar.gz",
        "sdk-win-x86": "dotnet-dev-win-x86.1.0.1.zip",
        "sdk-win-x64": "dotnet-dev-win-x64.1.0.1.zip",
        "runtime-centos": "dotnet-centos-x64.1.1.1.tar.gz",
        "runtime-debian": "dotnet-debian-x64.1.1.1.tar.gz",
        "runtime-fedora.23": "dotnet-fedora.23-x64.1.1.1.tar.gz",
        "runtime-fedore.24": "dotnet-fedora.24-x64.1.1.1.tar.gz",
        "runtime-opensuse.13.2": "dotnet-opensuse.13.2-x64.1.1.1.tar.gz",
        "runtime-opensuse.42.1": "dotnet-opensuse.42.1-x64.1.1.1.tar.gz",
        "runtime-ubuntu.14.04": "dotnet-ubuntu-x64.1.1.1.tar.gz",
        "runtime-ubuntu.16.04": "dotnet-ubuntu.16.04-x64.1.1.1.tar.gz",
        "runtime-ubuntu.16.10": "dotnet-ubuntu.16.10-x64.1.1.1.tar.gz",
        "sdk-centos": "dotnet-dev-centos-x64.1.0.1.tar.gz",
        "sdk-debian": "dotnet-dev-debian-x64.1.0.1.tar.gz",
        "sdk-fedora.23": "dotnet-dev-fedora.23-x64.1.0.1.tar.gz",
        "sdk-fedora.24": "dotnet-dev-fedora.24-x64.1.0.1.tar.gz",
        "sdk-opensuse.13.2": "dotnet-dev-opensuse.13.2-x64.1.0.1.tar.gz",
        "sdk-opensuse.42.1": "dotnet-dev-opensuse.42.1-x64.1.0.1.tar.gz",
        "sdk-ubuntu.14.04": "dotnet-dev-ubuntu-x64.1.0.1.tar.gz",
        "sdk-ubuntu.16.04": "dotnet-dev-ubuntu.16.10-x64.1.0.1.tar.gz",
        "sdk-ubuntu.16.10": "dotnet-dev-ubuntu.16.04-x64.1.0.1.tar.gz",
        "checksums-runtime": "https://dotnetcli.blob.core.windows.net/dotnet/checksums/1.0.4-1.1.1-sharedfx-SHA.txt",
        "checksums-sdk": "https://dotnetcli.blob.core.windows.net/dotnet/checksums/1.0.1-SDK-SHA.txt",
        "security": "FALSE",
        "lts-runtime": "FALSE",
        "lts-sdk": "FALSE"
    },
    {
        "version-runtime": "1.0.3",
        "version-sdk": "1.0.0-preview2-003156",
        "date": "2016-12-13",
        "dlc-runtime": "https://download.microsoft.com/download/A/F/F/AFF54A80-A370-4595-B22C-2575C10F5F4F/sharedfx/",
        "dlc-sdk": "https://download.microsoft.com/download/A/F/F/AFF54A80-A370-4595-B22C-2575C10F5F4F/sdk/",
        "blob-runtime": "https://dotnetcli.blob.core.windows.net/dotnet/preview/Binaries/1.0.3/",
        "blob-sdk": "https://dotnetcli.blob.core.windows.net/dotnet/preview/Binaries/1.0.0-preview2-003156/",
        "runtime-linux-x64": "",
        "runtime-mac-x64": "dotnet-osx-x64.1.0.3.tar.gz",
        "runtime-win-x86": "dotnet-win-x86.1.0.3.zip",
        "runtime-win-x64": "dotnet-win-x64.1.0.3.zip",
        "sdk-linux-x64": "",
        "sdk-mac-x64": "dotnet-dev-osx-x64.1.0.0-preview2-003156.tar.gz",
        "sdk-win-x86": "dotnet-dev-win-x86.1.0.0-preview2-003156.zip",
        "sdk-win-x64": "dotnet-dev-win-x64.1.0.0-preview2-003156.zip",
        "runtime-centos": "dotnet-centos-x64.1.0.3.tar.gz",
        "runtime-debian": "dotnet-debian-x64.1.0.3.tar.gz",
        "runtime-fedora.23": "dotnet-fedora.23-x64.1.0.3.tar.gz",
        "runtime-fedore.24": "",
        "runtime-opensuse.13.2": "dotnet-opensuse.13.2-x64.1.0.3.tar.gz",
        "runtime-opensuse.42.1": "",
        "runtime-ubuntu.14.04": "dotnet-ubuntu-x64.1.0.3.tar.gz",
        "runtime-ubuntu.16.04": "dotnet-ubuntu.16.04-x64.1.0.3.tar.gz",
        "runtime-ubuntu.16.10": "",
        "sdk-centos": "dotnet-dev-centos-x64.1.0.0-preview2-003156.tar.gz",
        "sdk-debian": "dotnet-dev-debian-x64.1.0.0-preview2-003156.tar.gz",
        "sdk-fedora.23": "dotnet-dev-fedora.23-x64.1.0.0-preview2-003156.tar.gz",
        "sdk-fedora.24": "",
        "sdk-opensuse.13.2": "dotnet-dev-opensuse.13.2-x64.1.0.0-preview2-003156.tar.gz",
        "sdk-opensuse.42.1": "",
        "sdk-ubuntu.14.04": "dotnet-dev-ubuntu-x64.1.0.0-preview2-003156.tar.gz",
        "sdk-ubuntu.16.04": "dotnet-dev-ubuntu.16.04-x64.1.0.0-preview2-003156.tar.gz",
        "sdk-ubuntu.16.10": "",
        "checksums-runtime": "https://dotnetcli.blob.core.windows.net/dotnet/checksums/1.0.3-SDK-Preview-2-3156-SHA.txt",
        "checksums-sdk": "https://dotnetcli.blob.core.windows.net/dotnet/checksums/1.0.3-SDK-Preview-2-3156-SHA.txt",
        "security": "FALSE",
        "lts-runtime": "TRUE",
        "lts-sdk": "FALSE"
    },
    {
        "version-runtime": "1.1.0",
        "version-sdk": "1.0.0-preview2.1-003177",
        "date": "2016-11-16",
        "dlc-runtime": "https://download.microsoft.com/download/A/F/6/AF610E6A-1D2D-47D8-80B8-F178951A0C72/Binaries/",
        "dlc-sdk": "https://download.microsoft.com/download/A/F/6/AF610E6A-1D2D-47D8-80B8-F178951A0C72/Binaries/",
        "blob-runtime": "https://dotnetcli.blob.core.windows.net/dotnet/release/1.1.0/Binaries/1.1.0/",
        "blob-sdk": "https://dotnetcli.blob.core.windows.net/dotnet/preview/Binaries/1.0.0-preview2-1-003177/",
        "runtime-linux-x64": "",
        "runtime-mac-x64": "dotnet-osx-x64.1.1.0.tar.gz",
        "runtime-win-x86": "dotnet-win-x86.1.1.0.zip",
        "runtime-win-x64": "dotnet-win-x64.1.1.0.zip",
        "sdk-linux-x64": "",
        "sdk-mac-x64": "dotnet-dev-osx-x64.1.0.0-preview2-1-003177.tar.gz",
        "sdk-win-x86": "dotnet-dev-win-x86.1.0.0-preview2-1-003177.zip",
        "sdk-win-x64": "dotnet-dev-win-x64.1.0.0-preview2-1-003177.zip",
        "runtime-centos": "dotnet-centos-x64.1.1.0.tar.gz",
        "runtime-debian": "dotnet-debian-x64.1.1.0.tar.gz",
        "runtime-fedora.23": "dotnet-fedora.23-x64.1.1.0.tar.gz",
        "runtime-fedore.24": "dotnet-fedora.24-x64.1.1.0.tar.gz",
        "runtime-opensuse.13.2": "dotnet-opensuse.13.2-x64.1.1.0.tar.gz",
        "runtime-opensuse.42.1": "dotnet-opensuse.42.1-x64.1.1.0.tar.gz",
        "runtime-ubuntu.14.04": "dotnet-ubuntu-x64.1.1.0.tar.gz",
        "runtime-ubuntu.16.04": "dotnet-ubuntu.16.04-x64.1.1.0.tar.gz",
        "runtime-ubuntu.16.10": "dotnet-ubuntu.16.10-x64.1.1.0.tar.gz",
        "sdk-centos": "dotnet-dev-centos-x64.1.0.0-preview2-1-003177.tar.gz",
        "sdk-debian": "dotnet-dev-debian-x64.1.0.0-preview2-1-003177.tar.gz",
        "sdk-fedora.23": "dotnet-dev-fedora.23-x64.1.0.0-preview2-1-003177.tar.gz",
        "sdk-fedora.24": "dotnet-dev-fedora.24-x64.1.0.0-preview2-1-003177.tar.gz",
        "sdk-opensuse.13.2": "dotnet-dev-opensuse.13.2-x64.1.0.0-preview2-1-003177.tar.gz",
        "sdk-opensuse.42.1": "dotnet-dev-opensuse.42.1-x64.1.0.0-preview2-1-003177.tar.gz",
        "sdk-ubuntu.14.04": "dotnet-dev-ubuntu-x64.1.0.0-preview2-1-003177.tar.gz",
        "sdk-ubuntu.16.04": "dotnet-dev-ubuntu.16.04-x64.1.0.0-preview2-1-003177.tar.gz",
        "sdk-ubuntu.16.10": "dotnet-dev-ubuntu.16.10-x64.1.0.0-preview2-1-003177.tar.gz",
        "checksums-runtime": "https://dotnetcli.blob.core.windows.net/dotnet/checksums/1.1.0-SDK-Preview-2.1-3177-SHA.txt",
        "checksums-sdk": "https://dotnetcli.blob.core.windows.net/dotnet/checksums/1.1.0-SDK-Preview-2.1-3177-SHA.txt",
        "security": "FALSE",
        "lts-runtime": "FALSE",
        "lts-sdk": "FALSE"
    },
    {
        "version-runtime": "1.0.2",
        "version-sdk": "1.0.0-preview2-003148",
        "date": "2016-10-17",
        "dlc-runtime": "https://download.microsoft.com/download/B/0/0/B00543E8-54D9-4D4A-826B-84348956AA75/",
        "dlc-sdk": "",
        "blob-runtime": "https://dotnetcli.blob.core.windows.net/dotnet/preview/Binaries/1.0.2/",
        "blob-sdk": "https://dotnetcli.blob.core.windows.net/dotnet/preview/Binaries/1.0.0-preview2-003148/",
        "runtime-linux-x64": "",
        "runtime-mac-x64": "dotnet-osx-x64.1.0.2.tar.gz",
        "runtime-win-x86": "dotnet-win-x86.1.0.2.zip",
        "runtime-win-x64": "dotnet-win-x64.1.0.2.zip",
        "sdk-linux-x64": "",
        "sdk-mac-x64": "dotnet-dev-osx-x64.1.0.0-preview2-003148.tar.gz",
        "sdk-win-x86": "dotnet-dev-win-x86.1.0.0-preview2-003148.zip",
        "sdk-win-x64": "dotnet-dev-win-x64.1.0.0-preview2-003148.zip",
        "runtime-centos": "dotnet-centos-x64.1.0.2.tar.gz",
        "runtime-debian": "dotnet-debian-x64.1.0.2.tar.gz",
        "runtime-fedora.23": "dotnet-fedora.23-x64.1.0.2.tar.gz",
        "runtime-fedore.24": "",
        "runtime-opensuse.13.2": "dotnet-opensuse.13.2-x64.1.0.2.tar.gz",
        "runtime-opensuse.42.1": "",
        "runtime-ubuntu.14.04": "dotnet-ubuntu-x64.1.0.2.tar.gz",
        "runtime-ubuntu.16.04": "dotnet-ubuntu.16.04-x64.1.0.2.tar.gz",
        "runtime-ubuntu.16.10": "",
        "sdk-centos": "dotnet-dev-centos-x64.1.0.0-preview2-003148.tar.gz",
        "sdk-debian": "dotnet-dev-debian-x64.1.0.0-preview2-003148.tar.gz",
        "sdk-fedora.23": "dotnet-dev-fedora.23-x64.1.0.0-preview2-003148.tar.gz",
        "sdk-fedora.24": "",
        "sdk-opensuse.13.2": "dotnet-dev-opensuse.13.2-x64.1.0.0-preview2-003148.tar.gz",
        "sdk-opensuse.42.1": "",
        "sdk-ubuntu.14.04": "dotnet-dev-ubuntu-x64.1.0.0-preview2-003148.tar.gz",
        "sdk-ubuntu.16.04": "dotnet-dev-ubuntu.16.04-x64.1.0.0-preview2-003148.tar.gz",
        "sdk-ubuntu.16.10": "",
        "checksums-runtime": "https://dotnetcli.blob.core.windows.net/dotnet/checksums/1.0.2-SDK-Preview-2-3148-SHA.txt",
        "checksums-sdk": "https://dotnetcli.blob.core.windows.net/dotnet/checksums/1.0.2-SDK-Preview-2-3148-SHA.txt",
        "security": "FALSE",
        "lts-runtime": "TRUE",
        "lts-sdk": "FALSE"
    },
    {
        "version-runtime": "1.0.1",
        "version-sdk": "1.0.0-preview2-003131",
        "date": "2016-09-13",
        "dlc-runtime": "https://download.microsoft.com/download/B/0/0/B00543E8-54D9-4D4A-826B-84348956AA75/",
        "dlc-sdk": "https://download.microsoft.com/download/1/5/2/1523EBE1-3764-4328-8961-D1BD8ECA9295/",
        "blob-runtime": "https://dotnetcli.blob.core.windows.net/dotnet/preview/Binaries/1.0.1/",
        "blob-sdk": "https://dotnetcli.blob.core.windows.net/dotnet/preview/Installers/1.0.0-preview2-003131/",
        "runtime-linux-x64": "",
        "runtime-mac-x64": "dotnet-osx-x64.1.0.1.tar.gz",
        "runtime-win-x86": "dotnet-win-x86.1.0.1.zip",
        "runtime-win-x64": "dotnet-win-x64.1.0.1.zip",
        "sdk-linux-x64": "",
        "sdk-mac-x64": "dotnet-dev-osx-x64.1.0.0-preview2-003131.tar.gz",
        "sdk-win-x86": "dotnet-dev-win-x86.1.0.0-preview2-003131.zip",
        "sdk-win-x64": "dotnet-dev-win-x64.1.0.0-preview2-003131.zip",
        "runtime-centos": "dotnet-centos-x64.1.0.1.tar.gz",
        "runtime-debian": "dotnet-debian-x64.1.0.1.tar.gz",
        "runtime-fedora.23": "dotnet-fedora.23-x64.1.0.1.tar.gz",
        "runtime-fedore.24": "",
        "runtime-opensuse.13.2": "dotnet-opensuse.13.2-x64.1.0.1.tar.gz",
        "runtime-opensuse.42.1": "",
        "runtime-ubuntu.14.04": "dotnet-ubuntu-x64.1.0.1.tar.gz",
        "runtime-ubuntu.16.04": "dotnet-ubuntu.16.04-x64.1.0.1.tar.gz",
        "runtime-ubuntu.16.10": "",
        "sdk-centos": "dotnet-dev-centos-x64.1.0.0-preview2-003131.tar.gz",
        "sdk-debian": "dotnet-dev-debian-x64.1.0.0-preview2-003131.tar.gz",
        "sdk-fedora.23": "dotnet-dev-fedora.23-x64.1.0.0-preview2-003131.tar.gz",
        "sdk-fedora.24": "",
        "sdk-opensuse.13.2": "dotnet-dev-opensuse.13.2-x64.1.0.0-preview2-003131.tar.gz",
        "sdk-opensuse.42.1": "",
        "sdk-ubuntu.14.04": "dotnet-dev-ubuntu-x64.1.0.0-preview2-003131.tar.gz",
        "sdk-ubuntu.16.04": "dotnet-dev-ubuntu.16.04-x64.1.0.0-preview2-003131.tar.gz",
        "sdk-ubuntu.16.10": "",
        "checksums-runtime": "https://dotnetcli.blob.core.windows.net/dotnet/checksums/1.0.1-SDK-Preview-2-3133-SHA.txt",
        "checksums-sdk": "https://dotnetcli.blob.core.windows.net/dotnet/checksums/1.0.1-SDK-Preview-2-3133-SHA.txt",
        "security": "FALSE",
        "lts-runtime": "TRUE",
        "lts-sdk": "FALSE"
    },
    {
        "version-runtime": "1.0.0",
        "version-sdk": "1.0.0-preview2-003121",
        "date": "2016-06-27",
        "dlc-runtime": "https://download.microsoft.com/download/8/4/E/84EA9F4F-0E3A-4B41-A18A-36D51B06CBED/",
        "dlc-sdk": "https://download.microsoft.com/download/1/5/2/1523EBE1-3764-4328-8961-D1BD8ECA9295/",
        "blob-runtime": "https://dotnetcli.blob.core.windows.net/dotnet/preview/Installers/1.0.0/",
        "blob-sdk": "https://dotnetcli.blob.core.windows.net/dotnet/preview/Installers/1.0.0-preview2-003121/",
        "runtime-linux-x64": "",
        "runtime-mac-x64": "dotnet-osx-x64.1.0.0.tar.gz",
        "runtime-win-x86": "dotnet-win-x86.1.0.0.zip",
        "runtime-win-x64": "dotnet-win-x64.1.0.0.zip",
        "sdk-linux-x64": "",
        "sdk-mac-x64": "dotnet-dev-osx-x64.1.0.0-preview2-003121.tar.gz",
        "sdk-win-x86": "dotnet-dev-win-x86.1.0.0-preview2-003121.zip",
        "sdk-win-x64": "dotnet-dev-win-x64.1.0.0-preview2-003121.zip",
        "runtime-centos": "dotnet-centos-x64.1.0.0.tar.gz",
        "runtime-debian": "dotnet-debian-x64.1.0.0.tar.gz",
        "runtime-fedora.23": "dotnet-fedora.23-x64.1.0.0.tar.gz",
        "runtime-fedore.24": "",
        "runtime-opensuse.13.2": "dotnet-opensuse.13.2-x64.1.0.0.tar.gz",
        "runtime-opensuse.42.1": "",
        "runtime-ubuntu.14.04": "dotnet-ubuntu-x64.1.0.0.tar.gz",
        "runtime-ubuntu.16.04": "",
        "runtime-ubuntu.16.10": "",
        "sdk-centos": "dotnet-dev-centos-x64.1.0.0-preview2-003118.tar.gz",
        "sdk-debian": "dotnet-dev-debian-x64.1.0.0-preview2-003118.tar.gz",
        "sdk-fedora.23": "dotnet-dev-fedora.23-x64.1.0.0-preview2-003121.tar.gz",
        "sdk-fedora.24": "",
        "sdk-opensuse.13.2": "dotnet-dev-opensuse.13.2-x64.1.0.0-preview2-003121.tar.gz",
        "sdk-opensuse.42.1": "",
        "sdk-ubuntu.14.04": "dotnet-dev-ubuntu-x64.1.0.0-preview2-003121.tar.gz",
        "sdk-ubuntu.16.04": "",
        "sdk-ubuntu.16.10": "",
        "checksums-runtime": "https://dotnetcli.blob.core.windows.net/dotnet/checksums/1.0-SDK-Preview-2-3121-SHA.txt",
        "checksums-sdk": "https://dotnetcli.blob.core.windows.net/dotnet/checksums/1.0-SDK-Preview-2-3121-SHA.txt",
        "security": "FALSE",
        "lts-runtime": "TRUE",
        "lts-sdk": "FALSE"
    }
]